Name,column_with_predictions
temsirolimus,1
Vascunicol,3
Benphothiamine,3
Tamoxifen,3
Bambuterol,1
Medazepam,3
bexarotene,1
Famotidine,1
Enflurane,3
Naftifine,1
Novo-depigman,0
Fluocortolone,1
Guaiacol carbonate,1
Isoleucine,3
Lobeline,1
Loracarbef,1
Estradiol cypionate,1
Bendroflumethiazide,3
sitagliptin,3
Lisdexamfetamine,1
Isobarbaloin,3
Israpafant,1
Adipic acid,3
Fentiazac,1
Diclorofeno,1
Protokylol,3
Iloperidone,1
Perflubron,3
risperidone,1
Oxazepam,3
Polaprezinc,1
Midostaurin,3
Rapacuronium,3
Doxepin,1
malathion,3
Cefovecin,1
Ecothiopate iodide,1
Clorprenaline,3
Hetacillin,1
Reboxetine,3
Demeclocycline,3
Romurtide,1
Tenofovir disoproxil fumarate,1
"6-(2,5-Dichlorophenyl)-2,4-diamino-1,3,5-triazine",1
Clotiapine,1
Miltefosine,1
Terconazole,3
Levotofisopam,3
Transfluthrin,1
Prulifloxacin,3
Nsc 7104,3
Hydrocortisone phosphate,3
Repirinast,1
Pralidoxime ,3
Benzonatate,1
Eplerenone,1
Meropenem,3
Oxyquinoline,1
Pipecuronium,1
Sodium thiosalicylate,1
Acarbose,3
dihydrocodeine,3
Eperisone,1
irinotecan,1
P-nitrophenyl-o-ethyl ethylphosphonate,3
Dimethisterone,3
Gefarnate,1
milnacipran,1
s-methylmethionine,1
Estrone sulfate,3
Triazolam,1
Sulfaguanidine,3
Ergocalciferol,3
Nimustine,1
Clofenamide,1
Bethanechol,1
Gluconolactone,1
"(4-(P-(diethylamino)-alpha-phenylbenzylidene)-2,5-cyclohexadien-1-ylidene)diethylammonium sulfate",1
Phenmetrazine,1
Mono(2-((1-oxo-9-octadecenyl)amino)ethyl) sulfobutanedioic acid disoium salt,1
"Butoctamide hydrogen succinate, monosodium salt",1
Vitamin a palmitate,1
Gadoteric acid,3
Trimetrexate,1
ximelagatran,1
2-Phenylethanol,3
N-(2-ethyl-2-(3-methoxyphenyl)butyl)-4-hydroxybutanamide,1
Cifenline,1
Piroctone,1
Benzyl cinnamate,1
3-(Benzoyloxy)-8-methyl-8-azabicyclo(3.2.1)octane-2-carboxylic acid,1
Lipoyllysine,1
Etilefrine,3
Metixene,1
Amprenavir,1
taltirelin,3
Clidinium,1
Esonarimod,1
Piroheptine,1
Norfloxacin,1
P-t-butyl-m-cresol,1
Trypan blue,1
Tibolone,1
Clenbuterol,1
Methdilazine,1
Carpronium,1
Paricalcitol,1
protoporphyrin ix,1
Bronopol,3
Azapropazone,1
Brucine,3
Docarpamine,3
Histrelin,3
Carbocromenum,1
Dimethicone,1
voglibose,1
Valine,3
Coumarin,1
2-(4-Morpholino)thiobenzothiazole,1
Cloflucarban,1
Aminophenazone,1
carbazochrome,1
Clopamide,1
Liarozole,3
Sitaxentan,3
Deferoxamine,3
Anethole,1
Timepidium,1
Pyrvinium pamoate,1
Bepridil,1
Nipradilol,3
Benzylhydrochlorothiazide,1
Tetragastrin,1
Ticarcillin,1
Ceruletide,1
Cloperastine,1
Colesevelam,1
Lenapenem,3
Chromomycin,3
letrozole,3
Fexofenadine,1
Latamoxef,1
Mecillinam,3
Isosorbide dinitrate,1
5-Methyl-1-phenyl-2-(1h)-pyridone,1
Picrotin,3
Nitrofurantoin,1
tazarotene,1
Aluminum monostearate,3
Perlapine,1
Calcium sulfocarbolate,3
Oxprenolol,1
clorazepate,1
atazanavir,3
Etravirine,1
Clobetasone,3
Tetracycline,1
Imipenem,1
Antimony tartrate,3
Cilazapril,1
butylscopolamine,3
eicosapentaenoic,1
Droxidopa,1
Methenamine sulfate,1
Lauryl isoquinolinium saccharinate,1
Cefixime,1
Josamycin,1
Cadralazine,1
Buserelin,1
Manidipine,3
Cefteram,3
rosiglitazone,3
Dofetilide,3
Droperidol,1
Bromfenac,1
Cefpiramide,1
Enoximonum,3
Carbetocin,3
dexamethasone palmitate,1
4-Aminobutyric acid,3
Dextrorphan,3
Ritropirronium bromide,3
"B 5097, ba",3
Estrone,3
Petoxil,1
Ethynodiol diacetate,3
Octreotide,1
Bromhexine,3
metildigoxin,1
Bacampicillin,3
Gamma oryzanol,3
Triamcinolone diacetate,1
Ibuprofen,1
Uracil,1
lauryl sulfate,1
Tetradecanoic acid 1-methylethyl ester,3
Oxybuprocaine,1
Cefdinir,1
2-(Ethylthio)-10-(3-(4-methylpiperazin-1-yl)propyl)-10h-phenothiazine,3
Gallopamil,3
Iohexol,1
Nabumetone,1
Fluorouracil,3
Amprolio,3
"N-(2-bromo-6-fluorophenyl)-4,5-dihydro-(1h)-imidazol-2-amine",1
Epothilone b,1
etoricoxib,1
Caffeine anhydrous,1
Tiagabine,3
Furazolidone,1
Cefpirome ,1
Limaprost,1
Azathioprine,1
Etacrynic acid,3
cefcapene,1
Ulobetasol propionate,3
"2H-benzo(a)quinolizine-3-carboxamide, 2-(acetyloxy)-n,n-diethyl-1,3,4,6,7,11b-hexahydro-9,10-dimethoxy-, hydrochloride",1
Acriflavinium chloride,3
Cyclizine,1
Trifluridine,1
Seocalcitol,1
Icatibantum,1
Fezatione,1
Proxyphylline,1
Clorexolone,1
Thiothixene,1
Dibenzepin,3
Fluocortolone 21-caproate,3
Bisacodyl,3
Bms 181176-14,1
Gadodiamide,1
Melphalan,3
Protizinic acid,1
Nicotinic acid,1
Methyl aminolevulinate hydrochloride,3
saralasin,3
Diltiazem,3
Nitroglycerin,1
Benzylparaben,1
Minodronic acid,3
Cocarboxylase,3
Fabesetron,1
budesonide,1
Oxyphenonium bromide,3
Skatolum,1
Metyrosine,1
Tilisolol,3
Lypressin,3
Felypressin,1
sunitinib,1
Nebramycin,1
Clinofibrate,1
bimatoprost,1
Para-hydroxypropiophenone,3
Gemeprost,1
Sulfametomidine,3
.Alpha.-5-norbornen-2-yl-.alpha.-phenyl-1-piperidinepropanol lactate (salt),1
Apomorphine,1
"Sodium 3, 4-dimethylphenyl-glyoxylate",3
Protirelin,3
"1,3,5-Trimethoxybenzene",3
Estradiol dipropionate,1
Methylbenactyzium bromide,1
Dexivacaine,1
Sodium tetradecyl sulfate,1
Propyliodone,1
Miglitol,3
Fluvastatin,1
Trifluopromazine,1
pitavastatin,1
Pipethanate ethobromide,1
"Benzenemethanamine, n-(2-chloroethyl)-n-(1-methyl-2-phenoxyethyl)-",1
Escalol 506,3
Mofezolac,1
Mebezonium iodide,3
Danazol,3
Hexoprenaline,1
(S)-2-amino-4-(methylselenyl-(sup 75)se)butyric acid,3
Ciprofibrate,1
Pasiniazid,3
Sulindac,1
Phenylcarbinol,3
Cefamandole,1
Prosultiamine,3
Pemetrexed,1
Triamterene,3
Alphacetylmethadol,3
Pilocarpine,1
"(1,1'-Biphenyl)-3-carboxylic acid, 3'-((2z)-(1-(3,4-dimethylphenyl)-1,5-dihydro-3-methyl-5-oxo-4h-pyrazol-4-ylidene)hydrazino)-2'-hydroxy-",1
"Phenol, 2,2'-methylenebis(3,4,6-trichloro)-",3
clindamycin,1
Adefovir,1
Ecabet,1
Cefotaxime,1
Nicoboxil,1
"Dihydrochloride, perazin",1
Pheniramine bimaleate,1
Trazodone hydrochloride,1
Timiperone,1
Rifabutin,3
Nystatin A1,3
Cloxacillin,1
Iomazenil ((sup 123)i),3
oxandrolone,3
Ipratropium,3
Gliclazide,1
Fleroxacin,1
Timolol,1
Sertindol,1
Sevoflurane,3
Dilazep,3
Tizanidine,1
Nor-methadone,1
almotriptan,1
Dexpanthenol,1
testosterone undecylate,3
Testosterone phenyl propionate,3
Oxymetholone,3
F-6066,3
Mesterolone,3
N-benzoyl-l-tyrosyl-paba,3
Vindesine,3
Ampiroxicam,3
Pregnenolone,3
Bufogenin,3
Emorfazone,1
Trenbolone acetate,1
Milacainide,1
Pyridine-3-carboxylic acid benzyl ester,1
Lanperisone hydrochloride,1
Prasterone sulfate,3
Cefamandole,3
Acemetacin,3
Lefetamina,1
Bisoprolol,3
Pirmenol,1
Dalcotidine,3
"N,n'-1,2-ethanediylbis (n-butyl-4-morpholinecarboxamide)",1
repaglinide,3
Tiapride,3
1-(10-(3-(4-(2-Hydroxyethyl)-1-piperidinyl)propyl)-10h-phenothiazin-2-yl)ethanone,1
Hexylcaine,1
Rubitecan,3
Spiramycin i,3
Cefditoren,1
Ethoheptazine hcl,1
Bunitrolol,3
Glyclopyramide,1
Mebutamate,1
Decoquinate,3
Dactinomycin,1
"Thiamphenicol, 3-fluoro",1
Glipizide,1
Gastrophyllin-a,1
Flurazepam,1
Clioquinol,3
Piprinhydrinate,1
Yohimbin,3
Cycotiamine,3
Clomiphene,1
Abbott brand of pipobroman,1
Edarabone,3
Dibekacin,1
Fosamprenavir,1
Spironolactone,1
busulfan,3
Nemonapride,3
Betiatide,1
Quinisocaine,3
Temoporfin,3
Ethyl 4-(bis (hydroxypropyl)) aminobenzoate,3
Estradiol benzoate,3
Ramipril,1
Clopidogrel,3
Cilomilast,1
Ellagic acid,1
Cefradine,3
Levallorphan,3
Oxytetracycline,3
Suxibuzone,1
Novartis brand of dimethindene maleate,1
Paroxetine,1
Trichlorcarban,3
Ethambutol,1
Butalbital,1
Benzoylglycine,1
tribenoside,1
Talbutal,3
"A, coenzym",1
mifepristone,1
Metofluthrin [iso],1
valganciclovir,3
Mestanolone,1
Alatrofloxacin,3
Ropivacaine,1
Guanadrel,1
prednisolone,1
Halazepam,3
Meticillin,3
Aniracetam,1
Diphenylimidazole,3
Haloxazolam,1
Mezlocillin,3
Tannic acid glycerite,3
cyproterone,1
Finasteride,3
colchicine,3
piroxicam,3
Fluticasone furoate,3
"1-(P-chlorophenoxy)-1-imidazol-1-yl-3,3-dimethyl-2-butanone",1
Altrenogest,0
Tribromsalan,3
Ramelteon,1
Butyl-p-hydroxybenzoate,1
Daiace,3
"Disodium 2,3,4,5-tetrachloro-6-(2,4,5,7-tetraiodo-6-oxido-3-oxo-3h-xanthen-9-yl)benzoate",3
Bifonazole,3
Butropium,3
Nalmefene,3
desloratadine,1
"2,2'-Dihydroxy-4-methoxybenzophenone",1
Acetyltributyl citrate,3
Selamectin,1
Cefbuperazone,1
oxybutynin,0
"Indigo blue, solubl",3
Warfarin,1
Para-tertiary-butilphenol-formaldehyde resin,3
Zanapezilum,1
Doconexent,1
Nepafenac,1
Diethylcarbamazine,1
Desmopressin,1
Tiludronic acid,1
Sodium amidotrizoate,1
3-Ethyl-thio-isonicotamide,3
Desoxycorticosterone pivalate,3
"Naphtho(1,2-b)furan-2,8(3h,4h)-dione, 3a,5,5a,9b-tetrahydro-3,5a,9-trimethyl-, (3s-(3alpha,3aalpha,5abeta,9bbeta))-",1
Mitobronitol,3
Sulfamonomethoxine,3
Zolazepam,1
Acide arsanilique,3
Cimetidine,1
Xipamide,3
Dinoprost,1
Lazabemide hydrochloride,1
Sodium tyropanoate,1
Megestrol acetate,3
Santoquin,3
Buclizine,1
Iopanoic acid,1
Salinomycin,1
Pargyline,1
"Ethanaminium, n-(4-((4-(diethylamino)phenyl)(2,5-disulfophenyl)methylene)-2,5-cyclohexadien-1-ylidene)-n-ethyl-, inner salt, sodium salt",1
Exametazime,1
thiamylal,1
Dicoumarol,1
Menthone,1
Secobarbital,3
Pyritinol,0
"Salicyl alcohol, monosodium salt",1
Hydrocortisone acetate,3
Propoxycaine,3
Olprinone,1
Ranimustine,3
Hydrocortisone butyrate,3
"1,6-Bis(3-(3-carboxymethylphenyl)-4-(a-d-mannopyranosyl)oxyphenyl)hexane",1
Piracetam,1
"Cinnamyl alcohol, titanium (4+) salt",1
Sulfamethoxazole,1
Piperocaine,3
Trapidil,1
Fructose,3
Colocynth,3
Triamcinolone hexacetonide,3
5-Oxopro-his-trp-ser-tyr-d-trp-leu-arg-pro-gly-nh2 pamoate,3
Beclomethasone dipropionate,3
Clobetasol propionate,3
Leucodinine b,3
Candoxatrilat,3
Valdecoxib,3
"2H-1-benzothiopyran-2-one, 3-(3-(4'-bromo(1,1'-biphenyl)-4-yl)-1,2,3,4-tetrahydro-1-naphthalenyl)-4-hydroxy-",1
Carbidopa,3
Topotecan,1
Ambenonium chloride,1
Betamethasone butyrate propionate,1
Lactulose,3
Gestonorone caproate,1
Desipramine,3
Dopamine,1
Tri(hydroxymethyl)aminomethane,1
Chlormethine,1
Ceftriaxone,1
Clobenzorex,3
Piromidic acid,1
Cetrorelix,1
imiquimod,1
"2-Phenyl-1,3-indandione",3
Indinavir,1
Nitrogen mustard n-oxide hydrochloride,1
P-tert-octylphenol,3
Brimonidine,1
Dinoprostone,1
Epsiprantel,3
Betamethasone valerate,3
emetine,1
Adrenochrome monoguanylhydrazone methanesulfonate,3
Testosterone enanthate,3
Canerenoate,1
Enrofloxacin,3
Tocofersolanum,1
"4-Isoxazolecarboxamide, 5-methyl-n-(4-(trifluoromethyl)phenyl)-",3
benexate,3
Koe 117,3
Tioconazole,3
etonogestrel,1
Ioversol,3
maraviroc,3
Guaifenesin,3
"Amyltricresol, secondary",3
"2-Methyl-1,4-naphthalenediol",1
Nkk-105,1
conivaptan,1
dapsone,1
Phthalylsulfathiazole,1
"Bicyclo(2.2.1)heptan-2-amine, n,2,3,3-tetramethyl-",1
Methimazole,3
nitazoxanide,3
Pirlimycin,1
"Benzene, 1,2,4-trichloro-5-((3-iodo-2-propynyl)oxy)-",3
Acetyldigitoxin,3
Perindopril,1
Ritipenem acoxil hydrate,3
Airomate,1
Glucosamine,1
Pivampicillin,3
"(3 Alpha,5 alpha,20s)-pregnane-3,20-diol",1
Acetylcholine chloride,1
Methyclothiazide,1
Tigecycline,3
"3-(2',4',5'-Triethoxybenzoyl)propionic acid, sodium salt",3
Tenatoprazole,3
Firocoxib,1
Rifapentine,1
Monatepil maleate,3
"5-(2-(2-Butoxyethoxy)ethoxymethyl)-6-propyl-1,3-benzodioxole",1
Procainamide,3
lutein,1
Ondansetron,3
Rotigotine,3
Fluoxymesterone,1
Uramustine,0
"2-(1,3- Dihydro-3-oxo-2h-indol-2-ylidene)-1,2-dihydro- 3h-indol-3-one",3
Etiracetam,1
Hyaluronic acid,1
Acido aminocaproico,1
Dihydroergocristine mesylate,3
anastrozole,3
Midecamycin,1
Pralmorelin hydrochloride,1
Isradipine,1
Aciclovir,1
Sertraline,3
"2-(3,4-Dihydroxyphenyl)-3,5,7-trihydroxy-4h-chromen-4-one",1
"Fenipentol, (r)-isomer",3
Sotalol,1
Simfibrate,1
Tricaine,3
Brovincamine,3
Oxendolone,3
paromomycin,1
4-Cresol,1
Clocapramine,3
Gallamine triethiodide,1
Mycophenolate,3
3-Hydroxy-polydeoxycholic acid,1
Detomidine,1
zuclopenthixol,3
Etifelmine,1
Naftopidil,3
Fenofibrate,3
Glucose,1
Felbamate,1
Mgk glyceride,1
Mefenorex,1
Cetyl stearyl alcohol,1
Difeterol,1
Clavulanic acid,1
Cargutocin,1
Terpin,3
Famciclovir,1
Ornoprostil,3
sulbutiamine,3
androstenedione,1
Lopinavir,3
Pcg (combination),1
Syprine,3
Tirofiban,3
Asverin,3
Aceclofenac,1
Cloprostenol,3
Oxytocin,3
cisapride,1
Acetazolamide,1
Valethamate bromide,3
Montirelin,1
Allphar brand of flucytosine,3
Flutropium ,3
Nimesulide,1
Phenprobamate,3
Diphenoxylate,3
Oxaprozin,1
Phenosept,3
Fenofibric acid,1
Benzoyl peroxide,1
Carteolol,3
"Ipriofenamine hydrochloride, i-123",1
Oxacillin,3
Betamethasone benzoate,1
Dydrogesterone,1
Xylitol,1
Monosodium trichloroethyl phosphate,3
ketoconazole,1
Mydocalm,3
Phenyl salicylate,3
Guajazulene,1
Amidoflumet,1
Natrii iotalamas (125 i),1
Serine,1
Ceftiofur,3
Cortisone acetate,1
Ciclacillin,3
Meprednisone,3
Permethrin,3
Dexamethasone-21-sulfobenzoate,1
acadesine,3
Cefotiam,3
Bezafibrate,1
Hydralazine,3
saquinavir,1
Topiramate,1
Santonic acid,1
Budralazine,3
Bitolterol,3
Solifenacin,1
Carfenazina,3
Gemfibrozil,1
"2-Methyl-1,4-naphthoquinone",1
thiamine disulfide,0
Adrenochrome,3
Reserpine,1
sparteine,3
Ramosetron,3
Methysergide,1
Menatetrenone,1
Croconazole,3
Tetracaine,1
pregabalin,3
"1H-1,2,3-triazole-4-carboxamide, 1-((2,6-difluorophenyl)methyl)-",1
Undecoylium chloride iodine complex,1
Enprostil,3
Fursultiamine,3
Genestein,3
Sulfadimethoxine,3
Pirarubicin,3
Mestranol,3
Abarelix,3
Ancitabine,3
"Benzo(3,4)cycloocta(1,2-f)(1,3)benzodioxol-6-ol, 5,6,7,8-tetrahydro-1,2,3,13-tetramethoxy-6,7-dimethyl-, stereoisomer",3
Rolipram,1
Erythromycin,1
Mefenamic acid,3
Montelukast,3
Mitomycin,1
Benzenamine,3
Shade uvaguard,3
Metipranolol,3
Dromostanolone propionate,3
Enalapril,3
Biapenem,3
Percodan,1
Sorbic acid,1
6-Aminopenicillanic acid,3
"4-(1,1-Difluoro-1,1a,6,10b-tetrahydrodibenzo(a,e)cyclopropa(c)cyclohepten-6-yl)-a-((5-quinolinyloxy)methyl)-1-piperazineethanol trihydrochloride, (6r)-(1aa,6a,10ba)",1
Thimerosal,1
Natrii aurothiomalas,1
kainic acid,1
fentanyl,1
4-Nitrophenyl,1
Benzophenone,3
Mepenzolate bromide,1
Pelubiprofen,1
Penicillamine,1
spiramycin b,1
Tolvaptan,1
Orion brand of zotepine,1
Oxazolam,3
Rofecoxib,1
Glucuronic acid,1
Dequalinium chloride,1
Flufenamic acid,1
Phenylephrine,1
"Lecithin, egg yolk",1
Chrysarobin,1
Polyoxyethylene 4 lauryl ether,3
verteporfin,3
Xylometazoline,1
Oxiglutatione,1
Netilmicin,3
Gabexate,3
Indole hydrochloride,1
Neticonazole,1
4-Chlorophenol,3
Testosterone propionate,1
Tiemonium iodide,3
Aloclamida,3
2-Ethyl-3-(.beta.-piperidino-p-phenetidino)phthalimidine,1
Butyl-sympatol,3
cefotiam,1
Cefoselis,3
Cefmenoxime,3
Doranidazole,3
Cefuroxime,3
Hexocyclium metilsulfate,1
Anxixang,1
Spectinomycin,1
Perisoxalum,3
"Cetyl alcohol, 14c-labeled",1
Aldesulfone sodique,1
Octinoxate,3
Diphenylcyclopropenone,1
Pentazocine,3
"4'-Methyl-2'r-hydroxy-2'-(4-hydroxy-4-methylpentyl)-butanedioate chloride, 3r",1
"1-Propene-1,2,3-tricarboxylic acid",1
ricinoleic acid,1
Gadopentetic acid,3
Imidafenacinum,3
Bay t 7391,3
posaconazole,1
Emedastine,3
"Androst-4-en-3-one, 17-((4-methyl-1-oxopentyl)oxy)-, (17beta)-",3
minocycline,3
Salsalate,3
Sarpogrelate,1
"2,4,6-Tribromophenol, bismuth (3+) salt",3
"1-Propanamine, n,n-dimethyl-3-((1-(phenylmethyl)-1h-indazol-3-yl)oxy)-",0
Fluorometholone,1
Dibenzthiazyl disulphide,3
Erythrosin b,1
Risedronic acid,3
Benziodarone,3
Hexadecylcitric acid,1
raltitrexed,3
Iobitridol,1
Erythromycin,3
Glymidine sodium,1
Lactitol,1
Aceglatone,1
Seratrodast,1
3-(4-Methoxyphenyl)-2-propenoic acid 3-methylbutyl ester,3
Halofantrinum,1
latanoprost,3
Nicarbazin,1
S-adenosylmethionine,3
Carbenicillin,3
Piretanide,3
Prochlorperazine,1
"1,8-Epoxy-p-menthane",1
Menthyl salicylate,3
Troleandomycin,1
Methylrosanilinium,1
Acrisorcinum,1
Astromicin,1
Paclitaxel,1
Ketamine,3
Bleomycin,3
Fluocinolone acetonide,1
Gentamicin c1a,1
Gantanol,1
Mesnex tabs,3
Nitroscanate,0
Dienestrol,1
Treosulfan,1
4-Amino-3-hydroxybutyric acid,1
ciclopirox,1
Moracizine,3
decitabine,1
Flecainide,3
fluprednidene acetate,3
Sincalide,3
Glycyrrhizin,3
Nadolol,1
4-Chloro-3-methylphenol,1
Sorivudine,1
Zalcitabine,1
Dorzolamide,1
carbamazepine,1
Paredrine,1
Lorazepam,1
Prednisone,3
Racemethorphan,3
2-(Benzyl(2-(dimethylamino)ethyl)amino)pyridine citrate (1:1),1
Laureth-10s,1
ganciclovir,1
"3,5-Pyrazolidinedione, 4-(3-methyl-2-butenyl)-1,2-diphenyl-",3
Befunolol,1
Hydrocotarnine hydrochloride,3
Homochlorcyclizine,1
Ifosfamide,1
Lomefloxacin,1
Testolactone,3
Tzt-1027,1
N-hydroxymethylsuccinimide,1
Lidocaine,1
Etidronic acid,1
O-tolylazo-o-tolylazo-beta-naphthol,1
Anagrelide,1
Phenelzine,3
Cloxazolam,1
5-Hydroxy-2-(hydroxymethyl)-4h-pyran-4-one,1
Trovafloxacin,3
Dolasetron,3
Clarithromycin,1
Enoxolone,1
Suprofen,3
Febuxostat,1
Gd-edta,1
Acetylcysteine,1
Hydrastine,1
Nifekalant,1
Aluminum diacetate,3
Sulfamerazine,3
Methohexital,1
Iodamide,1
Pyruvic acid calcium isoniazid,1
fusidic acid,1
Carafate,3
Oxycodone,3
Doripenem,1
Maltose,1
Pancuronium,1
pantethine,3
Mecobalamine,1
photofrin,3
Demecarium bromide,1
bropirimine,3
Phenacainum,0
Dobutamine,1
Oxamniquine,1
Chlorzoxazone,3
Flomoxef,3
Propentofylline,1
Halothane,3
Bretylium tosilate,1
Alilusem,1
1-Octacosanol,1
Stanozolol,3
Suplatast tosilate,3
Zolpidem,3
Orphenadrine,1
Nedaplatin,1
Hydroxycobalamin,1
Carpipramine,1
"Anthranilic acid, monosodium salt",1
Alpha-glycerophosphoric acid,1
"Sydnone imine, n-(ethoxycarbonyl)-3-(4-morpholinyl)-",3
Amcinonide,1
Domperidone,1
Oteracil,3
Brotizolam,3
Trimethobenzamide hydrochloride,3
Bromperidol,1
Terodiline,1
Pamidronic acid,1
Pergolide,1
Clonazepam,1
Oxyphenbutazone,3
tinidazole,0
"1,8-Dihydroxyanthraquinone",3
Bacitracin,1
Haloperidol,1
Oxetacaine,1
Arginine,1
Nicotine,1
Leucine,1
Sulfinpyrazone,1
Aclatonium napadisilate,1
cladribine,3
Artesunate,3
"Beta-d-glucopyranoside, 4-hydroxyphenyl",1
Geraniol,1
Diprivan,3
Wy 2190,1
Methylprednisolone,3
Ethyl salicylate,3
Blonanserin,1
Rasagiline,1
inositol,1
Amylmetacresolum,1
"O-(1,2,3,4-tetrahydro-1,4-methanonaphthalen-6- yl) m-n-dimethylthiocarbanilate",1
Cantharidine,1
Carbocisteine,3
Fenamisal,3
Encainide,1
Dowicide,3
Thiaminum,3
Cefatrizine,3
Acetohexamide,1
Dimemorfan,1
Ic-green,1
Acetanilide,1
Cefoxitin,3
"N-acetyltyrosine, (dl)-isomer",3
"Dinucleotide, dihydronicotinamide adenin",3
Benzatropine,1
tadalafil,3
clindamycin,1
"Quinethazone, (-)-isomer",3
nebivolol,3
Gestodene,3
Bufetolol,3
Dihydroergotamine,3
Vardenafil,1
glucuronamide,1
Profenamine hydrochloride,3
Dihydroergocornine dihydroergocristine dihydroergocryptine mesylates,3
Naftidrofurilo,1
Colestid,3
Flutazolam,3
Doxycycline,3
lumiracoxib,1
naltrexone,1
Idoxuridine,1
naratriptan,3
Succinylsulfathiazole,1
Cefonicid,3
Cefepime,1
Decamethonium bromide,1
Tranexamic,1
Levomefolic,3
Enoxacin,3
Apafant,1
1-(10-(2-(Dimethylamino)propyl)phenothiazin-2-yl)-1-propanone monohydrochloride,3
Trandolapril,1
Tiaprofenic acid,3
Methylprednisolone acetate,1
Dodecaethylene glycol monolaurate,3
Distigmine bromide,3
Pentaerithrityl tetranitrate,1
"Flupenthixol decanoate, (z)-isomer",3
toremifene,1
Teprenone,1
Methanthelinium bromide,3
Peplomycin,1
"Benzeneacetamide, n-(aminocarbonyl)-.alpha.-ethyl-",1
Iodoxamic acid,3
Econazole,3
sennoside,3
Valrubicin,1
Isepamicin,3
"Sodium 5-difluoromethoxy-2-((3,4-dimethoxy-2-pyridyl)methylsulfinyl)-1h-benzimidazole",3
Spiperone,3
Acetomenaphtone,1
oxymorphone,3
metoclopramide,3
Prazepam,1
Nonanedioic acid,1
"Cresyl acetate, m-",3
Butopamine,1
Amitriptyline,1
Atropine methonitrate,3
Cefsulodin,1
treprostinil,1
Triethanol ammonium chloride,1
Iobenguane sulfate i 123,3
Clinprost,1
Tiquizium,1
2-Mercaptobenzothiazole,1
Gluconic acid,1
Metocarbamol,3
digitoxin,1
Lincomycin,1
Tiotropium,3
Ivermectin,3
lanatoside c,3
Chlormadinone acetate,3
Fenoldopam,1
gabapentin,3
Kyurinett,3
Nalidixic acid,1
Indapamide,3
Sodium stibogluconate,1
Abbott-64077,1
Mebeverine,1
Altretaminum,1
Bucolome,3
Bisbentiamine,1
Cefpodoxime proxetil,1
Trichlormethiazide,3
Strychnine,3
Fluvoxamine,1
Tolmetin,3
Gemcitabine,1
Iotroxic acid,1
Metocurine,1
Foscarnet sodium,1
Diclofenac,3
Argipressin,3
"Cinchonine, monohydrochloride, (9s)-isomer",3
Nandrolone cyclohexylpropionate,3
"5-(4-Chlorophenyl)-5-hydroxy-2,5-dihydro-3h-imidazo(2,1-a)isoindole",1
"Alpha-keto-glutaric acid, sodium salt",3
Vapiprost,3
Terguride,3
Cabergoline,3
Benzfetamine,1
Bergenin,1
Amfebutamone,3
Sulfamerazine sodium,3
riboflavin,3
Zidovudine,3
"Aminoglutethimide phosphate, monohydrochloride",1
Chlorascrub swab,1
Glutathione,1
Toborinone,3
Dye acid red 27,1
Lemildipine,3
Alprenolol,3
"Adenosine cyclic 3',5'-phosphate",1
Rabeprazole,1
Carbinoxamine,1
Methionine,1
Triiodothyronine,3
Vancomycin,3
Tolterodine,1
Menfegol,3
Rilmazafone,1
Mangafodipir,3
Nitrofural,1
valaciclovir,3
Alatrofloxacin,1
Norelgestromin,3
Alosetron,1
Chlorophyllin copper complex,3
Prazosin,3
Pemirolast,1
Fluorostigmine,1
"Fenchone, (1s)-isomer",3
Spirapril,3
Delapril,3
Cytarabine,1
Nc-503,1
Lobenzarit,1
Homatropine,1
Garenoxacin,3
Trimetaphani camsilas,1
Falecalcitriol,1
Progesterone,1
Olmesartan medoxomil,1
Calcitriol,3
"Camphor, monobromated",1
Cystine,1
Oxabolone cipionate,3
Estradiol,3
vincristine,3
Argiprestocin,3
Cinoxate,1
Stavudine,1
Hexobarbital,3
fulvestrant,1
Amobarbital,3
vinorelbine,1
10-(2-(1-Methyl-2-piperidinyl)ethyl)-2-(methylsulfinyl)phenothiazine,1
Polyacetal,1
Cetrimonium bromide,1
Mephentermine,3
Lasalocid,3
Gonadorelin,1
Cholesterol,3
Green 5,3
Beraprost,3
Propiverine,3
Griseofulvin,1
Bupranolol,1
Protionamidum,3
Fominoben hydrochloride,3
"Isoeugenol, (e)-isomer",1
Chlorprothixene,1
Aurorix,1
Artemether,1
Amfenac,1
7-(1-Methyethoxy)-3-phenyl-4h-1-benzopyran-4-one,3
miokamycin,1
Ergotamine,1
"Benzenesulfonic acid, 2,5-dihydroxy-, compd. with n-ethylethanamine (1:1)",3
Propicillin,3
Metaraminol,1
Hexestrol,1
Ketotifenum,1
Glibenclamide,1
Pentobarbital,3
Nedocromil,3
Fosfluconazole,3
Methotrexate,1
isosorbide mononitrate,3
P-butylaminobenzoyldiethylaminoethyl hydrochloride,3
Cefapirin,1
butobarbitone,1
Diponium bromide,1
Bumetanide,3
Holin,3
Prednicarbate,3
Omapatrilat,1
Trolnitrato,1
"Iodoantipyrine, 123i-labeled",1
Dapiprazole,3
Phenytoin,1
Sodium glycerophosphate,1
"3',6'-Dihydroxy-3-oxospiro(isobenzofuran-1(3h),9'-(9h)xanthene)-6-carboxylic acid",3
Arbutamine,1
1-Naphthaleneacetic acid,3
Buphenyl,1
"2-Hydroxybenzoic acid, 2- hydroxyethyl ester",3
retinol acetate,1
Uvinul-t-150,3
dasatinib,3
Eptazocine,1
Sulfapyridine,1
"2,6-Pyridinediamine, 3-(phenylazo)-, monohydrochloride",3
Maxacalcitol,1
Cyproheptadine,1
Duloxetine,3
Eprazinona,1
Sorbitan,1
Goserelin,3
Deracoxib,3
Regadenoson,1
fungichromin,3
cinepazide,1
Propyl benzoate,1
Minoxidil,3
Retapamulin,3
Indometacin,1
Dipyrithione magnesium sulfate,3
Ponazurilum,1
Prilocaine,3
Cycrimine hydrochloride,1
Oxibendazole,1
Unoprostone,1
Iotalamic acid,1
mirtazapine,1
Tetramethylthiuram monosulfide,3
Dosulepin,1
Vitamin C,1
Sulfadoxine,3
Promethazine,1
Threoninum,1
Alacepril,1
Camostat,1
Coniinum,3
Candesartan cilexetil,3
Azaperone,3
Tazobactam,3
Ivermectin,3
Tretinoin tocoferil,3
(Sulfobromophthalein)glutathione conjugate,3
"Indeloxazine, (+)-isomer",3
Sivelestat,3
Pipothiazine palmitate,1
Oleandomycin,1
"Acetone bis(3,5-di-tert-butyl-4-hydroxyphenyl) mercaptole",3
Pindolol,1
Chlorquinaldol,1
pyrithione zinc,1
Sultamicillin tosilate,1
cholic acid,1
"Butanoic acid, 4-hydroxy-, monosodium salt",1
Ioxilan,1
rimonabant,3
Neomycin,1
felodipine,1
Sulfisoxazole acetal,3
Terbinafine,1
Azosemide,1
Paretoxicaina,3
Ubenimex,1
isoprenaline,1
Candicidin,3
Hepronicate,1
Ortetamine,3
Tosufloxacin,1
Chlorphentermine,1
Mometasone furoate,3
ritonavir,3
Terazosin,3
Meticranum,1
Cerivastatin,1
Pyricarbate,0
Pioglitazone,1
Efonidipine,1
Sodium trichloroacetate,3
Bevantolol,1
Bicalutamide,1
2-Desoxy-d-glucose,1
anidulafungin,1
cefetamet pivoxyl,1
Lumefantrine,1
Cidofovir,3
allopurinol,1
Tocainide,1
Captopril,1
Cefmetazole,1
Articaine,3
Fenoprofen,3
Amelometasone,3
mitiglinide,1
Meglumine,3
pentagastrin,1
Lomustine,3
Flurandrenolide,3
Tipifarnib,3
"3-(4-Amino-1-oxo-1,3-dihydro-2h-isoindol-2-yl)piperidine-2,6-dione",1
Hydroxyzine,3
Rimantadine,1
Methyldopa,1
Triprolidine,3
Granisetron,1
Fenolftaleina,1
Pyrimethamine,1
Amfepramone,3
Aprindine,1
Tolfenamic acid,1
Succimer,1
Nolatrexed,3
Diphemanil metilsulfate,1
Prednisolone acetate,1
Medronic acid,1
Fosfestrol,3
Etizolam,1
8-Hydroxyxanthine,3
"Acids, aminosalicyli",3
Diisopropylamine sulfate (2:1),1
Terbutaline,1
micafungin,3
angiotensin ii,3
Tirilazad,3
Hydrocortisone succinate,1
sizofiran,3
gadobenic,1
Colistin,1
Alomide,1
Flunarizine,1
Fenbutrazate,1
Estramustine phosphate,1
memantine,3
Methyltestosterone,3
Epoprostenol,1
Ci63,1
Nizofenone,1
Betanidine,1
Ascorbate 6-palmitate,3
talaporfin,3
Zoledronic acid,1
Glutamic acid,1
Megibal,3
Urapidil,3
Balofloxacin,1
Iocetamic acid,1
"Glycine, n-(4-aminobenzoyl)-",3
Itasetron,1
Mepyramine,1
histamine,3
Aztreonam,1
Tesaglitazar,1
Cysteine,1
Clodronic acid,3
Mb 800,3
Kp-363,1
Sodium lauryl sulfoacetate,1
Pyrazinamidum,1
Cefodizime,1
Hydrocortisone buteprate,3
Nafarelin,1
frovatriptan,3
Pazufloxacin,1
Parachlorophenol camphorated,3
Galantamine,3
Tilmacoxib,1
Tolbutamide,3
Nadifloxacin,1
Ethyl loflazepate,1
Ethiazide,3
Emiglitate,3
eletriptan,1
Clemastine,3
Lauric acid diethanolamide,1
Y-3642,3
Mersalyl sodium,3
Melperone,1
Dexloxiglumide,1
Clemizole hydrochloride,1
Nicotinamide,1
"Chloramphenicol palmitate, monopalmitate",1
Pantothenic acid,1
Alcuronium,1
Allylestrenol,3
Tinosorb s,3
Oxitropium,3
Trausabun,1
Noctran,1
buprenorphine,1
Sulfaquinoxaline,1
gamolenic acid,1
Diprophylline,3
Ambrisentan,3
Prednazate,1
Raxar,3
Iobenzamic acid,3
Stiripentol,1
Dirithromycin,1
Caramifenio,1
53-32C,1
Esflurbiprofen,1
Gliquidone,3
Sildenafil,1
Carumonam,1
Sodium acetrizoate,3
"Lipoamide, (+-)-isomer",1
Pipamperone,3
Tenoxicam,1
"Alpha-carotene, (6'r)-isomer",1
Lanreotide,3
Sultopride,1
Metirapona,1
Clozapine,1
Flunitrazepam,1
clofarabine,1
Octopamine,1
Levopropylhexedrine,1
Chlorothymol,3
"Cp-88,059-01",3
Ritodrine,1
Clindamycin,1
Sulfacitine,1
Ortho-benzyl-para-chlorophenol,3
Ranitidine,1
telmisartan,3
"2',4',6'-Trihydroxypropiophenone",1
Nefopam,1
efavirenz,1
Felbinac ethyl ester,3
Salicylamide,1
Orotic acid,3
Darunavir,1
Isopropamide iodide,1
"Pyrimidine, 4-methoxy-2-(5-methoxy-3-methyl-1h-pyrazol-1-yl)-6-methyl-",3
Sodium caprate,1
Tylosin,3
Ouabain,1
Hydroxyprogesterone caproate,1
Cruex,1
Isobornyl acetate,3
Eprosartan,3
Doxercalciferol,1
Hydrocortamate,3
Prasterone,3
gatifloxacin,3
Medrysone,3
desoxycorticosterone acetate,3
Epidihydrocholesterin,3
nelarabine,3
Lamivudine,1
Dipipanone hydrochloride,1
Acido ar?ndico,1
"Estr-4-en-3-one, 17-(3-(2-furanyl)-1-oxopropoxy)-, (17beta)-",3
Novobiocin,3
Dexrazoxane,1
Cyclopenthiazide,1
Isometheptene hydrochloride,1
Trospium,1
Thioproperazine mesilate,3
Ioxitalamic acid,1
Calcipotriol,1
Moexipril,3
Mebhydrolin,1
Nandrolone decanoate,3
Ifenprodil,1
Clomipramine,1
Estradiol valerate,1
Naphazoline,3
Narasino,3
testosterone,1
Phendimetrazine,1
Telithromycin,1
Mabuterol,3
2-Ethylhexyl-4-phenylbenzophenone-2-carboxylic acid,1
Floxuridine,3
Dipivefrine,3
tramadol,3
5A-androsta-16-ene-3-one,1
Troxacitabine,1
Ramatroban,1
Pinaverium bromide,1
Meprylcaine,3
"1-Naphthalenol, methylcarbamate",1
Xylose,1
4-((5-Chloro-2-oxo-3(2h)-benzothiazolyl)acetyl)- 1-piperazineethanol,3
Cantabiline,1
Acrinol,3
hydrocortisone cypionate,3
Esculoside anhydride,1
palonosetron,3
Ebastine,3
Melengestrol,3
Ceftezole,3
Evodia fruit,1
Sulfanilamide,1
Gallium trinitrate nonahydrate,3
Mepitiostane,1
Apraclonidine,3
Gusperimus,1
Ipodate,1
1-Ethynylcyclohexyl carbamate,1
sofalcone,3
Cefprozil,1
Flutamide,3
Carprofen,3
Penicillin V,1
argatroban,1
Ophthalmic brand of sulthiame,1
Cefozopran,3
Cefaclor,1
Vedaprofen,3
Mivacurium,3
Doxycycline,1
Broxuridine,3
Marbofloxacin,3
anecortave acetate,3
prednisolone farnesylate,3
prednisolone tebutate,3
Doxacurium,1
Nitrendipine,1
plaunotol,3
Pibutidine,1
nateglinide,3
Dezocine,3
Tonzonium bromide,3
Halofuginone,3
Misoprostol,1
"1,2-Dimethyl-3-hydroxypyrid-4-one",1
Streptozocin,1
Mefrusida,1
aripiprazole,1
Sobuzoxane,3
Quinestrol,1
N-cyclohexyl-2-benzothiazylsulfenamide,3
Merbromin,1
Buformin,3
Triamcinolone acetonide,3
"Benzoic acid, 3,4,5-trimethoxy-, 2-(dimethylamino)-2-phenylbutyl ester",3
Aurobin,3
Ubidecarenone,3
Dronedarone,1
Butacaine,1
Bis(1-piperidylthiocarbonyl)disulfide,1
"Taurine, monopotassium salt",1
Neriproct,1
Aldioxa,1
Trioctanoin,3
Ajmaline,3
Fosinopril,3
Methenolone enanthate,3
zafirlukast,1
Aprobarbital,3
Colforsin daropate hydrochloride,3
2-(2-Diethylaminoethoxy)ethyl 2-ethyl-2-phenylbutyrate,1
Sulfasalazine,3
Alfacalcidol,1
Crampol,1
".Alpha.,.alpha.-diphenyl-1-piperidinebutanol",1
Clidanac,3
Hydrochlorothiazide,1
Ceforanide,3
Acrivastine,3
Tert-amyloxycarbonyltetragastrin,3
Troxipide,1
Basic fuchsin,1
everolimus,1
Opipramol,3
Ranolazine hydrochloride,3
escitalopram,3
Citalopram,3
Eptifibatide,3
melinamide,1
Lacidipine,1
"3-(2-Chloro-10h-phenothiazin-10-yl)-n,n-dimethylpropan-1-amine",1
Clocortolone pivalate,1
Theophylline,1
Fudosteine,1
Tretinoin,1
Sodium metrizoate,1
Pseudoephedrine,1
Ephedrine,3
methotrimeprazine,1
Bupivacaine,3
Brinzolamide,1
Lomerizine,1
ensulizole,3
Hesperetin-7-rutinoside,1
Cep-1538,3
"7H-furo(3,2-g)(1)benzopyran-7-one, 9-methoxy-",3
Loratadine,1
Fluphenazine decanoate,1
Epalrestat,1
Iocarmic acid,1
Linezolid,1
Ethaverine,1
Nimetazepam,3
Phentolamine,3
Primaquine,3
Roxithromycin,1
Proflavine hemisulfate,1
Zofenopril,1
Tramazoline,1
bucladesine,3
Cinnamedrine,1
Anisotropine,1
Methylephedrine,1
Cyclopentolate hydrochloride,1
Acitazanolast,1
moxifloxacin,3
Gimeracil,3
Chlorcyclizine,1
raloxifene,3
Difloxacin,3
Nelfinavir,1
Cyclopentadrine,1
N-phenyl-n-acetylglycine dimethylamide,1
Acamprosatum,0
Acetarsol,3
Fludiazepam,1
Dmps,1
siccanin,3
Cyanocobalamin,1
Dihydrotachysterol,1
iloprost,3
Teniposide,1
Diclazuril,1
"3-(Octadecyloxy)-1,2-propanediol",3
Fludrocortisone acetate,3
Flumazenil,3
Lanoconazole,3
alprazolam,1
Dimethothiazine,1
Lormetazepam,1
Colecalciferol,1
Bupivacaine,3
vitamin e,3
Capsaicin,3
Nonanoyl vanillylamide,1
"B 4, vitami",3
Pheneticillin,3
Clofezone,1
doxorubicin,3
Epirubicin,3
Pregnenolone acetate,3
Levothyroxine,3
Dextrothyroxine,3
Thyroxine,3
Lisseril,1
Alendronic acid,1
"Benzenepropanoic acid, .beta.-(aminomethyl)-4-chloro-",1
Quaalude,1
Sulfamethizole,3
Carbenoxolone,1
Cinnamic aldehyde,0
Propylene phenoxetol,3
Betamethasone phosphate,1
Lynestrenol,1
Miglustat,1
"Triethylene glycol, sodium salt",3
Dextromoramide,3
Tomoxetine,1
Fosphenytoin,1
Domiphen bromide,3
Mefloquine,1
Pyridoxamine-p,0
exemestane,3
Proxazole,1
Cefacetrile,1
Trimethoprim,3
Setiptiline,1
Denopamine,3
Naloxone,3
Nitrocobalamin,1
Polymyxin B1,3
pentoxifylline,1
Proline,1
Propyl p-benzoate,1
"2,5-Diamino-2-(difluoromethyl)pentanoic acid, monohydrochloride, monohydrate",3
Cromoglicic acid,1
Lexemul 515,3
Ethotoin,1
Tyrothricin,3
Furosemide,3
Fluconazole,3
balsalazide,3
Y-23023,3
Olsalazine,3
Idarubicin,1
Cefaloridine,3
Aluminium clofibrate,1
"Ethohexadiol, (threo)-isomer",3
Atovaquone,1
N-pentanoic acid,3
Nicomol,1
Fluphenazine decanoate,3
Benzbromarone,3
Micotil,1
Pentoxyverine,1
Diazepam,1
Sorafenib tosilate,1
Sweeta,3
Vandetanib,1
Sulbactam,3
Zaltoprofen,3
Cepharanthine,3
Rescimetol,3
scopolamine,3
Gramicidin,1
Ampicillin,3
Adenosine triphosphate,1
Ketoprofen,1
Dexmethylphenidate,1
methylphenidate,1
Benzalkonium chloride,1
Pamaquine,1
Levopropoxyphene,1
Amitraz,1
Tris-c(7)(5),1
Estradiol enanthate,1
Pimilprost,1
Ethanolamine oleate,3
Morphine,3
Hydromorphone,3
Arlacel 83,1
Nicametate,1
Gemifloxacin,3
Pravastatin,1
Betamethasone acetate,1
Ro 8-0576-12,3
Azatadine,1
"1H-imidazole-5-carboxylic acid, 1-(1-phenylethyl)-, ethyl ester, (+-)-",1
pentostatin,1
"1,2-Dihydroxyanthraquinone",3
dutasteride,1
Estriol tripropionate,1
1-(4-Chlorophenyl)-5-isopropyl-biguanide hydrochloride,3
amlexanox,3
Zaltoprofen,1
Diiodohydroxyquinoline,1
Ormetoprim,3
nabilone,1
Nifedipine,3
Rosuvastatin,1
Natamycin,1
Pentetreotide,1
Tazanolast,3
Anthralin,3
Testosterone decanoate,1
Mecysteine,1
Dye malachite green,3
Epristeride,3
Pyridostigmine bromide,3
Tretoquinol,1
Formaldehyde-hydroquinone polymer,3
Idebenonum,1
Sucralose,1
flupenthixol,1
Adipiodone,1
Benzalkonium chloride,1
Nitroprusside,1
Felbinac,1
Methacycline,3
Vidarabine,1
Ibandronic acid,3
Adenosine,3
Carnitine,1
piperazine,1
Entomin,1
Tetryzoline,3
Tocopherol acetate,3
Alpha-tocopherol acetate,3
"3H-1,2-dithiole-3-thione, 5-(4-methoxyphenyl)-",3
Moperone,1
Acidum valproicum,3
Zopiclone,1
Eszopiclone,3
Ofloxacin,3
levofloxacin,1
Cycloserine,3
Guanabenz,1
Aspartic acid,1
formoterol,3
Betaxolol,1
Alanine,3
Bacitracinum,3
Betaxolol,3
Flucloxacillin,1
Thiopental sodium,1
Chlor-trimeton,1
Chlorpheniramine,1
Nicogamol,1
Streptomycin,1
Alexitol sodium,1
Phenylpropanolamine,1
Phenylpropanolamine ,1
Sorbitol,1
1-Palmitoyl-2-oleoyl-sn-glycero-3-phosphocholine,1
Baxter brand of sorbitol,3
arformoterol,1
Dibenzothiophene,1
"1,2-Benzenedicarboxaldehyde",1
Methylprednisolone succinate,3
Primozida,1
Clofazimine,1
Glymor,1
Eurax,1
Prifinium bromide,1
Torasemide,1
Barbexaclone,1
Levonorgestrel,3
Norgestrel,3
"Hydrochloride, medetomidin",1
Leucovorin,3
leucovorin,3
Tolindate,3
Etoposide phosphate,1
Metamizole sodium,1
olanzapine,3
Levobunolol,3
Dexmedetomidine,1
Ursodiol,3
Chenodiol,3
Quinine,1
Tulobuterol,3
Phenyracillin,1
Quinidine,3
Rutin,3
Pirexyl,3
Quazepam,1
Temocapril,1
Azithromycin,3
Albuterol,3
Landiolol,3
Sulfafurazole,1
sulpiride,3
Desoximetasone,1
omeprazole,3
"Hexahydro-1-(5-isoquinolylsulfonyl)-1h-1,4-diazepine",1
Flumetasone,1
Fenfluramine,1
Neomycin,3
Framycetin,1
Fp 83,1
"Phenol, 4-(1-(4-(2-(dimethylamino)ethoxy)phenyl)-2-(4-(1-methylethyl)phenyl)-1-butenyl)-, dihydrogen phosphate (ester), (e)-",1
Redux,1
Methyldopate,3
Fluoxetine,3
Nisoldipine,1
Dimenhydrinate,3
metronidazole,1
Levomethadone,1
Mebrofenin,1
itraconazole,1
Dodecafluoropentane,1
Pilsicainide,3
Metoprolol,3
tipranavir,1
Etidocaine,1
Nobecutan,3
Mexazolam,1
Lysine,3
ertapenem,3
Anthralin,1
Carmofur,3
mazaticol,1
"P',p'-ddt",1
Cefazolin,3
Amosulalol,3
Pamicogrel,3
Rokitamycin,1
Indecainide,1
tacrolimus,3
Norgestimate,3
Osalmid,1
Phenolphthalein,1
Isoetarine,1
Hexamethonium bromide,3
Bendazac,3
Dronabinol,1
Fenbufen,3
sufentanil,1
Chlordiazepoxide,1
Cephalothin,1
Procarbazine hydrochloride,1
Glybuzole,1
celecoxib,1
Pirenzepine,3
Oxapium iodide,1
Cyphenothrin,1
Perflexane,3
Propranolol,3
Sulfametoxydiazine,3
Nemorubicin,1
Chloramphenicol succinate sodium,1
Nitarsone,3
Nafcillin,3
Neostigmine bromide,3
Diethylstilbestrol,1
Suxamethonium chloride,1
Ketorolac,3
Dyclonine,1
Phenol sulfonate,3
Mibolerone,1
telbivudine,1
"N-acetylmannosamine, (l)-isomer",1
"Histidine, dl-",3
Flavitan,1
Azlocillin,3
Talampicillin,3
Carfecillin,3
Procaterol,0
Hydrocortisone valerate,3
Cyclomethycaine,3
Daunorubicin,1
Salcolex,1
Guanethidine,1
Clorbutol,1
Pantoprazole,3
Seldane-d,3
Desonide,1
Sulfacetamide,1
Caspofungin,3
Ly-317615 hydrochloride,3
Loteprednol etabonate,3
Iguratimod,3
Bisoxatin diacetate,3
Ribavirin,1
1-(3-Chloroallyl)-hexaminium chloride,3
Dexverapamil,1
Edrophonium chloride,3
Dopexamine,1
Nordefrin,1
Orion brand of entacapone,0
Musk,1
Isoaminile,1
Pyrrolidone carboxylic acid,1
Roxatidine,3
Sulconazole,1
Fenproporex,3
Butyl aminobenzoate,1
Exatecan,3
Lacidipine,3
Oxyphencyclimine,3
Dilevalol,3
Esmolol,3
N-(2-(5-methoxy-1h-indol-3-yl)ethyl)acetamide,1
"1,2,3-Propanetriol, triacetate",3
Temaril,1
Nalbuphine,3
Dexamethasone,3
Betamethasone,3
hyoscyamine,3
Atropine,3
Nifenazone,1
bucillamine,1
bortezomib,1
folic acid,3
Troglitazone,3
Rifampin,1
V-1326,1
Cetirizine,3
2-(P-bromo-a-(2-(dimethylamino)ethyl)benzyl)pyridine,1
Brompheniramine,1
"Acetamide, n-(5-(aminosulfonyl)-3-methyl-1,3,4-thiadiazol-2(3h)-ylidene)-",1
levocetirizine,1
Kitazemin,3
Pipemidic acid,1
Bromocriptine,1
Beserol,3
4-(2-Benzylphenoxy)-n-methylbutylamine hydrochloride,3
Rifaximin,1
Remifentanil,1
Dextroamphetamine,1
Amfetamine,1
Levamfetamine,1
Improsulfan,3
Cisatracurium,3
Atracurium ,3
Amoxicillin,3
Paroxetine,3
Equipertine,1
Pramipexole,3
lapatinib,1
Cetylpyridinium chloride,3
Hydrocortisone,1
"Benzoic acid, 3,4,5-trihydroxy-",3
Ibudilast,1
Milrinone,0
Diamthazole hydrochloride,3
Doxapram,3
Ad 810,1
Symclosene sodium,1
Prednisolone phosphate,1
2-(2'-Tetrahydrofuryl)-6-hydroxyethylpenem-3-carboxylate,3
Pyridrol,1
Pidolic acid,1
Sodium dibunate,1
"4-Pyridinol, 3,5-dichloro-2,6-dimethyl-",1
Mizolastine,1
Azelnidipine,3
Pranlukast,1
"(17-(Allylamino)-17-demethoxygeldanamycin hydroquinone, hydrochloride)",3
Glafenine,1
Didanosine,1
Cetalkonium chloride,1
Isoflupredone acetate,3
Moxisylytum,1
Indenolol hydrochloride,3
Astemizole,1
Ibufenac,1
Nichicaine,3
Lyspafen,1
Cilnidipine,1
Epa ethyl ester,1
Pimobendan,3
Cocaine,3
Tocopherol nicotinate,3
Isothipendyl,3
zaleplon,3
Nicergoline,1
Ranelic acid,3
voriconazole,1
Choline gluconate,3
Halcinonide,1
Mesalazine,3
Flunixin,3
Nortriptyline,1
Amphotericin,1
Undecylenic acid monoethanolamine sulfosuccinate sodium,3
Parecoxib,3
Epiestriol,1
Alvimopan,1
Phenylpropanolamine maleate,1
methamphetamine,1
Halidor,3
Alclometasone dipropionate,3
Fluticasone propionate,3
Probenecid w/ colchicine,1
Lenampicillin,3
Prociclidina,1
Poly(malate),3
"1,3-Naphthalenedisulfonic acid, 6,6'-((3,3'-dimethyl(1,1'-biphenyl)-4,4'-diyl)bis(azo))bis(4-amino-5-hydroxy)-, tetrasodium salt",3
Phenoxyacetic acid,1
lansoprazole,1
Vinblastine,1
Bromazepam,3
Acebutolol,3
drotebanol,3
2-Methoxy-4-(2-propenyl)phenol,3
Moditen enanthate,1
Hydroxypropylmethylcellulose acetate succinate,1
Iomeprol,1
Carindacillin,1
"3-Piperidino-1,2-propanediol dicarbanilate ester",3
Dipyridamolum,3
Lyc-o-mato,1
Ixabepilone,1
Levulinic acid,1
Chloramphenicol,1
Doxifluridine,1
Benperidol,1
Tipepidine citrate (1:1),1
Todralazine,1
Kitasamycin ,1
Imidapril,3
Euresol,1
"2,6-Piperidinedione, 3-ethyl-3-phenyl-",1
Ammonium mandelate,1
Lindane,1
Kollidon,1
"9,10-Anthracenedione",1
cyclophosphamide,1
Dalfopristin,3
Opc 12759,1
Diflunisal,3
mupirocin,1
Mitotane,1
Capreomycin,1
Limonene,1
methscopolamine,1
Arotinolol,3
Dexlofexidine,3
aprepitant,3
Chlortetracycline,3
Deprodone,1
Tiopronine,1
P-hydroxybenzoic acid propyl ester,1
Isoflurane,3
androstenediol,1
Equipoise,0
Pyridofylline,1
Pecilocin,3
desglucotransvaaline,3
ecteinascidins,3
E-5880,3
sirolimus,1
Ampholyt g,1
Methoxyflurane,1
Capreomycin,1
Sapropterin,3
Lornoxicam,1
Mafenide,3
Oxatimide,3
Etretinate,1
Cefroxadine,1
Saffron,3
Reglitazar,3
Mizoribine,3
Estazolamum,1
Meclocycline,3
Opc-13013,3
Pethidine,1
Pramocaine,3
Nitromersol,1
Medroxyprogesterone,1
Sodium salicylate and theobromine,1
Methyl nicotinate,3
Who no. 0918,1
Barbital,1
Sorbitan monopalmitate,1
Flumethasone pivalate,1
Masoprocol,3
Tafluprost,3
Oxymetazoline,3
Isoconazole,0
Pirbuterol,3
Actarit,1
Tandospirone ,3
Arbekacin,1
Fluorometholone acetate,1
etodolac,3
Mebendazole,1
Meclofenoxato,3
Moxidectin,1
Fasoracetam,1
linoleic acid,1
Benzoxiquine,3
Docusate,1
Azelastine,1
Pinacidil,1
Stearic acid,1
Tamibarotene,1
Noxitiolinum,1
Clotiazepam,3
Ceftazidime,1
Trimipramine,1
lovastatin,1
Dimethylaminoethyl reserpilinate dihydrochloride,3
vitamin k2,1
Hydroflumethiazide,1
Helmoral b,1
Clofibrate,3
Alupent,1
Quinine ethylcarbonate,3
Ethylene glycol phenyl ether,1
Diazoxidum,3
Gestrinone,1
Benzylbenzenecarboxylate,1
Ufenamate,0
N-(beta-hydroxybutyryl)-p-phenetidine,1
Cga 184699,3
Glimepiride,1
Estradiol-3-acetate,1
Troxidone,1
Isosorbide,3
Quinapril,1
"Delta-tocopherol, d-",1
Meprobamate,1
para-Aminobenzoic acid,3
Apernyl,3
Chlophendianol hydrochloride,1
Obetrol,1
Pazopanib,3
Colfosceril palmitate,3
Fludarabine,1
Temodar,3
Penbutolol,1
Luliconazole,3
Aclarubicin,3
"1,3-Bis-(2-ethoxycarbonylchromon-5-yloxy)-2-(lysyloxy)propane",3
Tubocurarine ,3
"Riboflavin tetrabutyrate, riboflavin-2-14c-labeled",3
Na-cemmix,1
Sulbentinum,1
Clebopride,3
Rescinnamine,3
Syrosingopine,3
Doramectin,3
atosiban,3
Tocopheryl succinate,1
Clonidine,1
"Ethyl-3,7,11-trimethyl-2,4-dodecadienoate",3
vinpocetine,1
5-Chloro-2-methyl-4-isothiazolin-3-one hydrochloride,1
Tetrabenazinum,1
hopantenic acid,3
Betamethasone dipropionate,1
Sodium phenylacetate,1
Metformin,3
Oxyfedrine,3
10-(3-(4-Hydroxypiperidino)propyl)phenothiazine-2-carbonitrile,1
Camphene,1
aliskiren,3
Gefitinib,3
Piperidolate,1
"2-Deoxy-2-fluoro-d-glucose, f-18",1
"Sucrose octaacetate, ((alpha-d)-fructofuranosyl)-isomer",1
Deflazacort,3
Rocuronium,1
Cefotetan,1
Cinnamate sodium,3
Polythiazide,1
"Hydrochloride, thioridazin",1
Thiamphenicol,1
Procaine merethoxylline,3
Tasmar,3
Methylene blue,1
Celiprolol,1
Camphor (&gt,3
Amsacrine,1
Nicardipine,3
Phenprocoumon,3
Mbbt,1
Cinnarizine,1
clobazam,3
Picosulfate de sodium,3
Erythromycin,1
Ambroxol,1
Citrate,1
Tolonium,1
Bleomycin,1
Pyrantel,3
Triton x4,3
Homosalate,1
Amrinone,3
Pranazepide,1
Medroxyprogesterone acetate,3
Sulfonphthal,3
fluocinonide,1
"7-Hydroxy-3,7-dimethyloctanal",1
Trifluoperazinum,3
deferasirox,1
Diphenylguanidine,3
Metrizamide,1
Berberine tannate,1
capecitabine,1
epinephrine,3
Hydroxocobalamin acetate,3
Gimatecan,1
Iopamidol,1
2-Amino-6-trifluoromethoxybenzothiazole,3
Tolnaftato,1
Sulfalene,3
Proxymetacaine,3
Carnrick brand of metaxalone,1
Hidroxiestilbamidina,1
Carboprost,3
Silodosin,3
Amoxapine,3
Chlorotrianisene,3
Ethylmorphine,3
Pepstatin,1
"9,12,15-Octadecatrienoic acid, (z,z,z)-",1
"2,3,4,9-Tetrahydro-2-methyl-9-phenyl-lh-indeno- (2,1-c)pyridine",1
Propagermanium,1
Cefminox,1
Aconitinum,1
epinastine,3
Riboflavin phosphate,1
Nizatidine,1
Flutoprazepam,1
Methaniazide,1
Febantel,1
Resorcinol disodium salt,3
cetotiamine,3
Chlorophyll,1
Imiprothrin,1
Huperzine a,1
Sulfisomidine,1
Robenidine,1
Loxoprofen,3
Indometacin farnesil,1
Roche brand of carbimazole,3
Dihydro-alpha-ergocryptine,3
octotiamine,0
Pyridoxal-p,1
Cilastatin,3
Calcifediol,1
Spasfon-lyoc,3
azacitidine,3
Chloroprocaine,1
Biotin,1
Sulfamethoxypyridazine,3
Floctafenine,1
Secbutabarbital,3
Dantrolene,3
Alminoprofen,1
Tocamphylum,1
Metharbital,1
Metiprilona,3
Sinophenin,1
Thiotepa,1
Paramethadionum,1
Isopropyl unoprostone,1
Dihydroergocornine,3
Dehydrocholic acid,1
Rosin,3
Buspirone,3
valsartan,3
amisulpride,1
Olopatadine,1
2-Propenyl thiourea,3
Ioxaglic acid,1
Lauricidin,1
Riemser brand of meptazinol hydrochloride,3
Cloperastine fendizoate,3
Ae0047,1
Cephaloglycin,1
"N-(2,6-dioxo-3-piperidyl)phthalimide",3
Kitasamycin,1
Calcium metrizoate,1
Norfenefrine,1
Vaporole,1
Cefalexin,1
Cefoperazone,3
Ribostamycin,1
Loxapine,0
Tacalcitol,1
Cymelarsan,1
Amodiaquine,1
Bisbutitiamine,1
emtricitabine,3
Sulbenicillin,1
Deslanoside,1
entecavir,3
"O-(5,6,7,8-tetrahydro-2-naphthyl)-6-methoxy-n-methylthio-2-pyridinecarbamate",1
Camylofin,1
Aranidipine,1
Tindal,3
Nafamostat,3
Urispas,1
Disopyramide,3
Benzthiazide,1
Ezetimibe,1
Mercaptopurine,1
thiamphenicol,1
Vigabatrin,3
Methylergometrine,1
pimecrolimus,1
N-methyl-2-pyridin-2-ylethanamine,1
Digalloyltrioleate,3
terlipressin,3
Chlorpropamide,1
"1-(3'-Trifluoromethyl-4'-nitrophentyl)-4,4-dimethylimidazoline 2,5-dione",1
Cefuzonam,3
He-11,3
Midazolam,1
"5-Amino-1-(2,6-dichloro-alpha,alpha,alpha-trifluoro-p-tolyl)-4-trifluoromethylsulfinylpyrazole-3-carbonitile",3
Oxcarbazepine,3
Dicloxacillin,3
Bekanamycin,1
Homatropine,1
Asenapine,3
Furazabol,1
Fumagillin,1
Metrifonate,1
"2-Oxazolidinone, 3-(3-(hexahydro-1h-azepin-1-yl)propyl)-4-(2-methylpropyl)-5-phenyl-, (4s-cis)-",3
Propantheline bromide,3
Delavirdine,1
Carmustine,3
Fluprednisolone,1
Spiclomazinum,3
Testosterone cypionate,1
Lilly brand of pemoline,3
Norethisterone,3
Kebuzone,1
Hydroxychloroquine,1
lisuride,1
Phenacemide,3
Lofepramine,1
Cilengitide,1
Imexon,1
Acitretin,1
Calcium glubionate,3
Mianserin,1
Quetiapine,1
Citicolinum,1
R-18553,1
Drospirenone,3
Levocabastine,1
Benzoic acid,1
Flavoxato,1
P-hydroxybenzoic acid ethyl ester,1
Retinol,3
Meclozina,3
Dimefline,1
Meso-zeaxanthin,1
Iproheptina,1
Fluocortolone pivalate,1
Proglumide,1
Bismuth subcarbonate,1
Hanegif,3
Nilvadipine,1
sumatriptan,1
Digoxin,3
Deserpidine,0
Acetaminophen mixture with butalbital,1
Etosuximida,1
Fenoterol,3
Epicriptine,1
Ceftibuten,3
Dimyristoyl lecithin,1
Alverine,1
Sulfamerazine,1
paramethasone acetate,1
Eutanol g,3
protoporphyrin ix,1
Erdosteine,1
varenicline,1
Sulfacetamide,1
Norethindrone acetate,3
Betacarotene,1
Acreozast,1
Orbifloxacin,1
Oseltamivir,1
ranitidine,3
Noscapine,3
Thenyldiamine hydrochloride,1
selegiline,3
Lamotrigine,3
Glucuronolactone,1
phytomenadione,1
Clomethiazolum,3
Diethanolamine methoxycinnamate,1
Piperacillin,1
docetaxel,1
Dicycloverine,3
Cefadroxil,1
"Iophendylate, o",3
Tranilast,1
Albendazole,1
Paral,1
Nitisinone,3
"2-(4-Methoxyphenyl)-1h-indene-1,3(2h)-dione",1
Clodronic Acid,3
Niceritrol,1
Ethylestrenol,1
Amantadine,1
Oberadilol,1
Acrisorcinum,3
Esatenolol,1
ethchlorvynol,3
Metiazinic acid,1
Halopredone,3
Etoposide,1
Methacholine chloride,1
bepotastine,3
2-Phenylpropanol,1
Cyclothiazide,3
Fidarestat,1
"Phenol, 5-methyl-2-(1-methylethyl)-",1
Amiodarone,1
Auranofin,1
Beta-aminopropionitrile fumarate (2:1),3
Minolteparin sodium molindone,3
Isocarboxazid,3
Aspoxicillin,3
Ecamsule,1
"4H-thiazolo(4,5-d)azepin-2-amine, 5,6,7,8-tetrahydro-6-(2-propenyl)-, dihydrochloride",1
Bevonium metilsulfate,1
"Estr-4-ene-3 beta,17 beta-diol dipropionate",3
Ozagrel,3
Midodrine,3
Nandrolone phenpropionate,1
Uvinul n-539,3
pholcodine,3
lercanidipine,1
Benezenesulfonate,1
Phenol,3
Itopride,1
Primidonum,1
Polyglutaraldehyde,1
Propylthiouracil,1
Meralein sodium,3
Butorphanol,1
3Nitro1,3
Adapalene,1
Fenbendazole,3
Nepaprazole,1
Praziquantel,1
Carbamylcholine chloride,1
Nsc-4911,1
Penciclovir,0
Poly-2-methyl-5-vinylpyridine picrate,3
Tryptophan,1
Decanohydroxamic acid,1
Vecuronium,1
Alpha-terpineol,1
Racementhol,1
Sisomicin,3
Acenocoumarol,3
Cefuroxime axetil,1
Ceftizoxime,3
physostigmine,1
"Imidazolidinyl urea, monosodium salt",3
abacavir,1
Amezinium,1
Midamor,1
Sulfatolamide,1
Isocaine,1
Meradimate,3
Prednisolone valerate acetate,3
Propafenone,3
Forodesine,3
"Pentanoic acid, 5-amino-4-oxo-",1
Diflorasone diacetate,3
Eprinomectin,1
Mephobarbital,1
Hexetidine,3
Efloxate,3
Desogestrel,1
Merbromin,3
Hexafluronium bromide,3
Doxylamine chlorotheophyllinate,3
Etafenone,1
Propyphenazone,1
Esquinon,1
"1-Piperidinepropanol, alpha-cyclohexyl-alpha-phenyl-, hydrochloride, mixt. with n-methyl-n-(2-phenylethyl)benzeneethanamine hydrochloride",1
Tiabendazole,1
Risarestat,1
Cevimeline,3
Enalaprilat,1
Morantel,1
aceglutamide,1
salicylic,1
Pirrolnitrina,1
Betamipronum,1
Bendamustine,1
"N trichloromethylthio 4 cyclohexane 1,2 dicarboximid",1
Bisdequalinium diacetate,3
Methoxyphenamine,1
Cloquinate,3
Omoconazole,1
Tropicamide,1
Tripamide,1
Paliperidone,3
Xanthophyll palmitate,3
Rolitetracycline,1
Tolazoline,1
Isopropyl palmitate,3
2-((2-(Dimethylamino)ethyl)(4-methoxybenzyl)amino)pyrimidine,1
Amlodipine,3
"N,n-dimethyl-n'-2-pyridinyl-n'-(2-thienylmethyl)-1,2-ethanediamine",1
Ergometrine,1
Norepinephrine,1
Effexor,3
Diloxanide,3
Rimexolone,3
Denufosol [inn],1
Fosfomycin,1
Temazepam,3
Fosveset,1
Pentosan polysulfate sodium,1
Tolycaine,1
Prednisolone succinate,1
Disulfiram,3
Niclosamide,3
mitoxantrone,3
Sulfaphenazole,3
erlotinib,3
Pleuromulin,1
Nitrazepam,1
Mephenytoin,3
Bufexamac,3
Prazepine,1
Lafutidine,3
Moxonidine,3
Zelandopam,1
"Mercury, (acetato-o)phenyl-",1
Indisetron,1
"N,n-dimethyl-2-(alpha-phenyl-o-tolyloxy)ethylamine",3
flunisolide,0
Ethoxazolamide,1
Quixalin,3
Exalamide,3
Chlorophenesin carbamate (innm),3
alprostadil,1
zeranol,3
Tolazamide,1
Micronomicin,1
Coccidot,1
Pentolonium,1
Alclofenac,3
"2-((1-Benzylpiperidin-4-yl)methyl)-5,6-dimethoxyindan-1-one",1
Alfentanil,3
Cinacalcet,3
Cinoxacin,1
Procaine,3
Phenothrine,3
Thymol iodide,1
Sulfabenzamide,1
Glyceryl-1-monooctanoate,1
Penflutizide,1
Inosine,1
Amifostine,1
Arimoclomol,1
Antazoline,1
Tannic acid,3
2-Hydroxy-4-methoxybenzophenone-5-sulfonic acid,3
Fluticasone,3
"1-(2-(Naphth-2-yl)ethyl)-4-(3-trifluoromethylphenyl)-1,2,5,6-tetrahydropyridine hydrochloride",3
Enocitabine,1
Mycophenolic acid,3
Tobicillin,3
Benorilate,3
Levormeloxifene,1
"2,4-Dichlorobenzyl alcohol",1
Chlorothiazide,1
Benazepril,1
Oxaliplatin,3
Meloxicam,3
"1-Hydroxy-5-oxo-5h-pyrido(3,2-a)phenoxazine-3-carboxylic acid",1
vorinostat,3
Nimodipine,1
Naproxen,3
Ca(ca(hp-d03a))2,1
dacarbazine,1
"Isoborneol, (1s-endo)-isomer",1
Tioguanine,1
Benzethonium chloride,1
Simvastatin,3
Mesuximidum,3
Sodium methylsalicylate,1
guanfacine,1
alfuzosin,3
Phenyliodoundecynoate,3
Meclofenamic acid,1
Iodohippurate sodium i 125,1
Cefluprenam,1
Doxazosin,3
irbesartan,1
Tacrine,3
"Pimeprofen, (-)-isomer",3
Tetramisole,1
Sucrose,1
 bismuth subsalicylate,1
Buphenine,1
Levodopa,1
Proglumetacin,3
Rizatriptan,1
Enzacamene,3
Cefpimizole,3
Lisinopril,1
Triamcinolone hexacetonide,3
Quinupristin,3
Mosapride,1
Protriptyline,1
Nefazodone,3
Zanamivir,1
Pivmecillinam,1
Atorvastatin,1
Iopromide,3
zolmitriptan,3
orlistat,1
darifenacin,3
Ethyl phthalate ethyl glycollate,1
Glutamine,3
Cyanocobalamin (60 Co),1
Phenylalanine,3
Viomycin,1
Secalciferol,1
"2,6,10,15,19,23-Hexamethyltetracosane",1
Lamivudine,1
Benzocaine,3
Sibutramine,1
Escalol 507,1
tamsulosin,3
Sparfloxacin,1
Pyrabrom,1
Octisalate,3
Bromazine,1
Scopolamine n-oxide,3
cianidanol,1
O-chloromercuriphenol,3
Ridinol,1
Prednisolone,1
"(T-4)-bis(dibutylcarbamodithioato-s,s')zinc",3
Simetridum,3
Silver sulfadiazine,3
"Benzenepropanamine, n-(1-methyl-2-phenylethyl)-gamma-phenyl-",1
Ethinyl estradiol,3
Norethynodrel,3
Panipenem,3
rivastigmine,1
Ropinirole,1
Ibutilide,1
Tegafur,1
Tapentadol,1
Chlortetracycline,3
bosentan,3
Salmeterol,3
Vesnarinone,3
Mosapramine,1
Tridihexethyl,3
ciclesonide,3
Difluprednate,3
"4.Alpha.,5-epoxy-3,17.beta.-dihydroxy-5.alpha.-androst-2-ene-2-carbonitrile",3
Butoconazole,3
Hmbp cpd,3
Oxiconazole,1
Bornelone,3
Papaverine hydrochloride,3
Ethenzamide,1
Cloxiquine,3
Cetraxate,3
amikacin,1
Leuprorelin,1
Ludiomil,1
Carisoprodol,1
Tranylcypromine,1
Epitiostanol,3
Flusalan,0
Mithramycin,3
Podofilox,3
Imatinib,1
"2,5-Pyrrolidinedione, 1-methyl-3-phenyl-, (+/-)-",1
Diclofenamide,3
Osutidine,3
Primobolan s,1
"Ethyl linoleate-9,10,12,13-d4",1
Nicorandil,1
"Methylparaben, sodium salt",3
ciprofloxacin,1
Metolazone,1
Denatonium benzoate,1
Cyclandelate,1
Travoprost,1
Glyceryl aminobenzoate,3
Bismuth subgallate hydrate,1
carvedilol,3
Azithromycin,1
Tegaserod,3
Lestaurtinib,1
Calomel (mercurous chloride),1
Gallii (67ga) citras,1
Manganese glycerophosphate,1
Zinc phenolsulfonate,1
Thallium,1
Indium in-111 chloride,1
Mercury,1
"Stannous chloride, 2h-labeled",1
Technetium,1
Silicon hexafluoride dihydride,1
Bismuth subnitrate,1
Dichromate,1
"Manganese phosphate, dibasic",1
Zinc sulfide,1
Manganese,1
Aluminum lactate,1
Antimony pentasulfide,1
Mercuric salicylate,1
Chromium (IV),1
Niccolum carbonicum,1
Bismuth,1
Technetium sq 30217,1
Technetium tc-99m hexakis(2-methoxy isobutyl isocyanide),3
"Lead acetate, hydrate",1
"1,1-Ethanediol, 2,2,2-trichloro-",1
Perflubutane,1
Elemental copper,1
Cinnabar,1
H2-o2-pb,1
"Uranium, bis(nitrato-o)dioxo-, (t-4)-",1
Silver ammonia fluoride,1
Technetium tc-99m sodium pertechnetate,1
Rhodium,1
Chromium(3+) chloride,1
Platinum chloride,1
Vanadium,1
Diarsenic trioxide,1
"Sodium metabisulfite, 35s2-labeled cpd",1
Aluminum zirconium tetrachlorohydrate,1
Cobalt dichloride,1
Palladium,1
Potassium ferrocyanide,1
Metabisulphite,1
Manganese(ii),1
Ferric pyrophosphate,1
Nickel (ii) acetate,1
Ferric sulfate trihydrate,1
Silver colloidal,1
Molybdenum,1
Thiocyanoacetate,1
"Ammonium bicarbonate, nh4-zn salt",1
Mercuric oleate,1
Sodium molybdate,1
Ferriseltz,1
Antimony sulfide,1
Chromium(iii),1
Polihexanide,1
"Monocesium arsenate, 2h-labeled",1
Yttrium chloride hexahydrate,1
Mercury(i) chloride,1
Argentum cyanatum,1
Lead phosphate (2:3),1
Silicone antifoam 1510,1
Bismuth sulfide (bi2s3),1
Mercuric iodide,1
Desflurane,1
"Sodium molybdate(vi), 99mo-labeled cpd",1
Ferric chloride,1
Mercuric perchloride,1
Almadrate sulfate,1
Titanium(iv),1
"Iodohippurate sodium, i-131",1
"Chlormerodrin, hg-197",1
Isobornyl thiocyanoacetate,1
Antimony trichloride,1
Anilinium tripolyphosphate,1
Arsenic,1
Argentum phosphoricum,1
"Zinc iodide, (65)zn-labeled",1
"Hexafluoride, sulfu",1
Cadmium sulfide,1
Ferropolimalerum,1
Perflutren,1
Antimony,1
Sodium aluminum chlorohydroxy lactate (aerosol),1
"Gold chloride (aucl3), dihydrate",1
Sodium acid pyrophosphate,1
Cobalt,1
Zirconium hydroxide,1
Phenylmercuric nitrate,1
Hydroxypropylmethylcellulose phthalate,1
Cellaburate,3
"3',4'-Anhydroadenosylcobalamin",1
D-glycero-D-gulo-Heptonic acid,1
Stannous fluoride,1
Polidronium chloride,1
"(Mg,fe)sio3",1
Dimethylarsinic acid,1
Ferrous citrate,1
Dextran sulfate sodium sulfur 18,1
Chromic nitrate,1
Thallium sulfate dithallium (+1) salt,1
Nickel chloride,1
Prussian blue,1
Permanganate,1
Tetrofosmin,1
Zinc undecylenate,1
"Thallous chloride, tl-201",1
Ammonium molybdate,1
Tin tetrachloride,1
Cysteamine,3
Fondaparinux,1
"Ferrous citrate, fe-59",1
Silicic acid (h4si04) zirconium(4+) salt (1:1),1
Ferrotreninum,1
Aminosalicylic acid resin complex,1
"Sulfur, colloidal",1
Zinc lactate,1
Cisplatin,1
Feco3,1
"Cupric chloride, dihydrate 2h-labeled cpd",1
Propylene glycol stearate,1
Betaine hydrochloride,1
"Mercuric chloride, ammoniated",1
Ferrous gluconate,1
Metoxamina,3
Calcium trisodium pentetate,1
Cuprum nitricum,1
Technetium,1
Ramoplanin,1
Lepirudin,1
Hyprolosum,3
Teriparatide,1
Semduramicin,3
Bambermycin,3
Ly-275585,3
Somatostatin,3
